{"Pregnancies": {"median": 2.0}, "Glucose": {"median": 119.0811903213239}, "BloodPressure": {"median": 69.52127746431412}, "SkinThickness": {"median": 19.368300945230366}, "Insulin": {"median": 77.36391808000062}, "BMI": {"median": 32.28702982104665}, "DiabetesPedigreeFunction": {"median": 0.4886501956473177}, "Age": {"median": 34.63260652636515}}